<?xml version="1.0" encoding="UTF-8"?>
<!DOCTYPE suite SYSTEM "https://testng.org/testng-1.0.dtd">
<suite name="Suite">
  <test  name="Protfolio - create">
    <classes>
      <class name="testcases.CreatePortfoilioTest"/>
    </classes>
  </test> <!-- Test -->
  
  <test name="Protfolio - create-delete-Rename">
    <classes>
      <class name="testcases.ProtfoilioTest">
     	 <methods>
		      <include name="createPortfoilioTest"></include>
		      <include name="deletePortfoilioTest"></include>
		      <include name="createPortfoilioTest"></include>
		      <include name="renamePortfoilioTest"></include>
     	 </methods>
     	</class>
    </classes>
  </test> <!-- Test -->
  
</suite> <!-- Suite -->
